cookie,response
wKgQaV0lHZanDrp,1
rfTZLbQDwbu5mXV,1
r1CSY234HTYdvE3,1
20ep6ddsVckCmFy,1
Jga3f9JqZIuXBJ1,1
2THd1TMYVXjFLlI,1
RmBr0GvcnHepocE,1
6bNRJD0f8rrvNHZ,1
o9EXMfVigHmaoQM,1
iLSH5Yhxsg5uf4q,1
tmHEHROFGmji3zM,1
gjR5HgiHWtNZuqK,1
kdx8i3MJqLmDJV6,1
vypM7m3z6SSRvGZ,1
xq63eKSvrJFq5aL,1
W4VBodItMK8475Q,1
ZFjrfbTYBxadHQ1,1
VAG5hYt89GntLYU,1
9WNbUDJvypHi4JK,1
cJ5FhIM6lXTIFFZ,1
zpTvRW58SN2CJ4E,1
UJlUVPXDc4OaWmn,1
dPWY5AiqqWVG3JJ,1
9fMT2NB9DFWl4Ox,1
t9QW1NCFCWbPOJt,1
c6tA8uzWFr9t1im,1
2ra0Q3AQp8qSlc9,1
jVVrUj6wCsWcTOs,1
qFmzD8NrgLmpvux,1
VsPopNiYNgrDuls,1
PU9OtYfnS2oOyCM,1
8lt5BpBLw2ahM1N,1
mG6WRTKprzaTokJ,1
U3J2Nv1EKokw4XS,1
JCPgwGGXPFXINhC,1
1XmlUyrrVrBkiik,1
E2YwHbCRoKXzzEc,1
VwO5WFhxOooeCWb,1
MDJqzz1Lsf4QfCX,1
ehI13pvBcz8CEPr,1
vtfqDMpCBLrpRLN,1
7lf3IRE7hPAM18w,1
50SWlFbA9or3KUJ,1
bCUamTnw4qIEZ4J,1
xwj65CbKrSuCygd,1
Alq7HpCKRFcRgt8,1
KOHN2oFFdv7UBLQ,1
kwad6cmTpUk95Cr,1
QxJ8zBHwkPNOxRZ,1
v8EUlcsKj0KvYPr,1
9YYbK3joLYHQTGA,1
fP8bh0C4xFuStUO,1
Tn5LnVL9DjRcOCa,1
SjExrrkZvl12k05,1
fwN0yAl9GtRoAnY,1
laSq5tUROYvMcID,1
lJuqKJuDA3w5BZz,1
cdkFNkwOneAQrND,1
Lc3Rb0Gjd52eV3f,1
JVLsLcx55JY1RZB,1
DFnWOsYjpNFSw4u,1
lpVHS3s9iJN9rg7,1
kS5awEFgijnfKpC,1
nNi7JzDeLIqC7Gi,1
tvwF4qazBMkEBtP,1
cdBUHoZRBS0mRXN,1
T4g7WskDNNfOzUt,1
lC18SA8sWsRldOJ,1
z38D6CRkiCUH1Je,1
meyO2Y4fOq3ZvpG,1
KuPG6y3WgCom6OZ,1
VjigIqWnYJMXBkJ,1
px8OpJHykJjcTM8,1
4A4ZV38VHHUKl6E,1
KzBsGh8zNkgJddb,1
eNMQM0vh18nQfVY,1
a57XcvW4vxZ473U,1
hkvRWXnqTT2hrac,1
pXP2e9mM6kkeYwt,1
DcRbZkX92pDKHL8,1
z70255CEsUQPmLw,1
pDwUTusdFjPjwQM,1
sfAW2avORX4ZT1F,1
4mZGAbuXKO3Qo6I,1
pa9fn7FOC04FKXZ,1
6kXq4DMYsjKrLwf,1
VcZsVQOQPAyz00E,1
E2KHEHzA5lAIZtH,1
9iVEePY5KXgRpPf,1
WkwvVLxSjRHxG5P,1
GRLd5YubtEAyQlT,1
2X2ZBYw0vN6W5pX,1
diL9uidQfbrPZYd,1
AsIboE6VpP8liw6,1
wffozKQkAi7BA97,1
RaTLueWZCzjSsd1,1
x0DHdKd9q1tJlMn,1
KJOIbSDiRDe89R7,1
xdx58SVBtxisreg,1
Lxdrm3ZBgJ01n7r,1
nPKHjz4XuXLjNat,0
OoZYvAABOK8MpNu,0
bv7jb8IcBPt5Ltu,0
SjIdtw8LPsFqC4H,0
PJqpUjktDxT6Hnv,0
AQTT3ls2mO33hJK,0
cvsPwm76aEMBtiL,0
P7WoOvi9arjw9Y5,0
ugRKYkq4lXlFnCw,0
8VZYKXzTFPEe5TZ,0
R3aoS4yr0uXNBKn,0
xlBcZLHtiogfmdy,0
iBK8oiA48Ht2Ny2,0
mkkCJ48GPs3QMN8,0
0PFARBmT6ALY8tS,0
stdjSXIbzYvN3t8,0
PPhUck0Krpe2nRw,0
3shCPyPOra01iFu,0
RrAvFltqb1TzE5h,0
QTP5HroNmKQeF59,0
TmLjI8nN9gfLWRn,0
TMENYL4j7vEty47,0
NIqL0zJnZLkIU4b,0
htip4jmn20j9N4q,0
1pcUDVIUWEcp0xv,0
Xs2p7YI1wYpv9eo,0
mAXtAGZc11HSaXl,0
2nHw31xl5g6RDcX,0
daOsbOvkkpt4Zrv,0
3nWP6lH7EIJoz9z,0
BrQ2ixqg5JY5b3G,0
aKqDseFXcsFB151,0
jlC7SgoA9sMKpEu,0
xQZzaY4Qrwbcd8X,0
G48sd0cGVKChY0d,0
iPRPvpuu8IQvmWu,0
usoNGkliLzAjQyU,0
7S5Ey82u0rxCvhR,0
09qLsoxXz9qlMpm,0
v3x2nCBp5ubnbWU,0
C9QFMDK1nz8ayPf,0
TDAvlXzPfzBqtLM,0
8cKZBwtxzCGh17j,0
IzfaRU0xUHmwewJ,0
csQ41JfWlqEVGUi,0
8sMn7lPQ5q4l5XV,0
rFFqEgV3SGhds4Y,0
vFunkin9xerLoHh,0
9vsaXPcqrzf0eEN,0
Ho9PqTqwoWZDKrF,0
biD3UKo7egruwow,0
9yasPADnt2F2vPz,0
2i4rSCyl94ETBpW,0
5LinDQbtZiIi2IE,0
mj8CntIfxJJISWD,0
mmR1ewWmJHkJwwn,0
vRGelfBqNoCQme0,0
GZPFGVmvnFtg33j,0
AB1qKRmPnohJzk8,0
pA9bG5F2LfDMD8J,0
mg4zOzr7oNgxdQj,0
a5Jiv6roloQcOI8,0
PXkjmkfvt74LfyG,0
8z4QwmDjjd8BcZt,0
wL6j8AYyG3lbqUL,0
YL28efelxO6aEkt,0
hCL6R8yqcSbWFbf,0
OnO3yfGcTBejpT4,0
8EG73soHyyUDlJI,0
sAPRVTHJuK3ZDkU,0
HXCkc47u8ocE25O,0
XFTFeaK0rXfDUKI,0
7sbZSwT5sHzIyDW,0
nptkbTSSkJIC4hP,0
klkgnD1Ha4ASU1B,0
IX8niiGMr2V3Qg1,0
R2aUsLPOcnvSQsU,0
XpFALYWVclal6yx,0
34DFbjltb1bCbA8,0
mLitPzaFoFIjsUG,0
GTMZ3VAvFiXKWP5,0
V8MOUbmlHbJ4HQE,0
vQZpT1LC9CmfuBm,0
TaOBEJ5lb1oPKRO,0
AbJ5JABJ4LWeJkB,0
aB2UrElavymHwFH,0
92JgExFAVnsDTH5,0
6egnu86Db1dWsLC,0
CG0YBmLLGJUoJbN,0
A8wUIw5wsJDtMHN,0
BI42LboSsAhtaiq,0
Uwtur0ppGwzeflC,0
XnvTcMbi4zirNEp,0
R84RKdczylKFbtC,0
t8PBhdB2CdyXeMe,0
utOUGQ8EDE5oEIs,0
bhxRBdS94giKsbI,0
iWpyLstBxO1Biux,0
ywvzEWxWr6LUTcI,0
C2dSLgCOe4A9f1M,0
xL4AJ1tQGder4yr,0
hWI9ToM8M9s4vnf,0
vJWGT34oasRMT6G,0
vLbdKreaE4oCv5E,0
RQ2NELthlA8uT8n,0
oDTKArOeP0X70zT,0
vbqSP6KbBR37VI3,0
OtNxMwypvahPlM2,0
QnPhU6FcmgiMUiW,0
Hw6xCxcu53w6BZN,0
aSQvkt8QDtSPuEg,0
P2gUqCySiYJ1At5,0
ai5PY2NYCivs81Z,0
9epcgrqhAenJ75w,0
fIuwNMlfW1uLDS2,0
cEGpBwbUFlUSOW8,0
bS790RhXdGe8SxE,0
7BFuvlKw0RpVTU6,0
mEVcbzGifTYwsPu,0
nd0kFQJ8RH05g0X,0
bFAwYjQWWUNfj6D,0
vi3BKayZw8Wba16,0
rBkxRjtLWIG9W8K,0
nQyMy4peCqAlCpA,0
81tn1leMnS9dMYG,0
QSDmjRgykRQew2l,0
0bWkTDeNpWNqYW6,0
f2BqZImYK2wODHT,0
3mW4rmrOqLDWE1H,0
onxJlEmpxzn4AsQ,0
4Gmxi7XxCdB15rN,0
12JxCGtq8a2PKvR,0
89pY6o3gJd9XOaV,0
A5bN8QaCvUarj05,0
qNxQxhbViHk3o43,0
6KMmENgSZpIaU2j,0
UtRYLOPEZCIgfbW,0
y1O1cp5Zx4tB5sJ,0
rNCr41Ttz2hikal,0
PZL1PLmjx4SpJIU,0
9HRgvm6ffnn7A6p,0
nsB9g0iKYiTMrGa,0
BcvrOHOgpm5kOcc,0
DtU88WV6erzaVnV,0
NjwlIyqP1xcHdbr,0
4XcvXLmXiM3JfMC,0
3kVhzOgOKQqOJr4,0
eJL6epTf6gNimCO,0
Mr0mYSYqpg4fyGy,0
fLEWY187h5VqTNi,0
f9Yn1trmkbLUVwx,0
xLLeRpAatk1JAPq,0
b1mgCO3dcvaT2hp,0
2IsxTYcj3xznJzx,0
JkGaDkTZ5A584zW,0
hRBV4glkADbeEyk,0
BtE8jIbhd279i0G,0
ikmQzn788nIXOFG,0
wrrDo6FTpMEuCrx,0
cwYbiky4hE4vj1I,0
o4xGbXhe9g7mp5x,0
aN6Gw5PXWvvaKv1,0
snJED6GAOeiIfVO,0
I5n4wOUE35OtqIr,0
gU3XDDEsilsKjjN,0
oOdUWss27MgL9ik,0
hDTITZ8yVGim4S1,0
2PuISodonxd3ttw,0
JMbyTycSSfTuBme,0
sHUZdNgBCGqvxUZ,0
MmZ5igLXsc9UAch,0
jSwe6qnniV6MpcW,0
tstcPghhXNWb4dy,0
lt1tTYsH0GPqV9c,0
Y11mJNFZnFpJFNW,0
LGCwkDTUIJy3Uzm,0
EWmM5RUuriswSzE,0
DXJJGWESR9uBigO,0
fsp5X69wFhZKI0X,0
ytGVwWpfwWFSgz4,0
aGCypm2VtVZBoNc,0
9dU1Eqya3KVXRWE,0
yhiyUwFZS9Q1iIo,0
NYTBrDdalAVC6dh,0
mZOsQDSeN5zFrDf,0
5MglSlI2DGghdrW,0
aavJ3ubevq3kS76,0
CjEGTPVmlYCTkcV,0
zWqNyqGjlqW0pQ7,0
7PswHGRvt1ivadC,0
41Hr9d9i9u6wHmk,0
zxcNwRM6w33FfeS,0
t9zQZItXzdNLaDG,0
DyteNgYMg8fTv5c,0
e3uzZhqhyU9pVpL,0
dSZdpJh35VHXbFG,0
qprE3ReQCfxNKNe,0
VGWRqdNb8FfbmXg,0
KZg4kldGdhHGuC0,0
BeeITZPZFFOMaek,0
Zn0eZY9TTC14j6G,0
9iZEmyH3nhqkKxr,0
o5LmvaM3mlQOyTo,0
BFZcFFLxklyDxFV,0
z4xShRQyqvVmPGO,0
nYKtpQaV72YX7j5,0
0Pk0YVTZPeXP2ZB,0
23i1MQbAT4xhuKv,0
7gOZCH05sczohyy,0
H8ccYdk7RgC1GFp,0
PE21azkB5ankNHN,0
AvCF8PXlJp2G8o2,0
WK20AstUu7rr1RZ,0
rtR5IyGoNAY09Oa,0
wNTeSOHX4NSwrdp,0
IZcQ5l4NkfjTKAd,0
O2QbKT9C1bku3m7,0
SthTZhoWJOk4Zgz,0
bX6t6GGzUaGsWU8,0
ezH7Ba74vWKY2u0,0
WopcDblfNuxv0Mi,0
gXhbI81VuWVTdnX,0
nU8UqjGqgRgDDNq,0
157i3jzu2GeKBYr,0
ao0gjyeoHyyIbPj,0
YTPtB6b4TxhzXYR,0
rQ6Tz8yl1Ov8Mi5,0
3tPbgY2eAh1zPc8,0
AtJIHk6FOBvWJsk,0
UOTwXGuYHKaE0Ns,0
PX4rwMqX5419uyR,0
5lwkSnPtF2CkHuC,0
CYJxf4qldM2CrUM,0
AaAeWATuP2v9fiM,0
ItEXKG7EomjOM18,0
3fNuteSGeBGjTLE,0
X9KymVZ762YFScM,0
4xVOyFqr3pUL0k8,0
iYwxbGgCE0DHnzg,0
UE5B0HXpDRjInNr,0
OWuvRX6GhiiNBXG,0
vIlQw8GgiqTvdOp,0
1THvcDSDgxvL2LR,0
LCttC1LBaYoNRyO,0
LIS4gwpxfai7w6W,0
dB4gFCU7ZXzbtCc,0
8HPVh5RN5u72pXQ,0
zxxrpfZvkv7OzVA,0
Gndsf6oH4BN8GFI,0
OYIxaNVcGfnPsYB,0
1oyIwL5cnEluBbJ,0
eTXUwcPoIHidMHj,0
GADcbhLFNNDTBl6,0
7mscV6eRV0teEdj,0
yN5moB4sFnS2u6G,0
g9pYvpUgnJOuz5P,0
1rwIDqDxbYUZMyR,0
hpeiJXNqQYE1ZdJ,0
LJq6yg8vu51xato,0
I2M2FYj3z4Z46j8,0
X9GBrMRGMhmDP0S,0
8dEQRPRpWGtJirh,0
WCWZBFs5RMdlQ2t,0
CpQX8wuSf5NRLZK,0
Pej4anlunCZc888,0
NIOrd6NfYmUf82V,0
VYdd62ccHtmghcC,0
5lta7BvHcPvQT2Y,0
plkA7taGX23Uvp0,0
llNPMzSeJvgw4cX,0
IHvWGy4qutyoyMs,0
Z025v1Lbef0rppR,0
kY6mof86L5geVlm,0
NZN8x4YjlRKDPv8,0
FZXltWwI0pbb0c3,0
y1kTGEjykMmd500,0
R3SU5yONk02yeXx,0
mo3orWsGpzwbBPz,0
nnkTS9uwqMXGM1b,0
9UpkA6lx5P0wZMW,0
aH1Uvsq2KpYYZjN,0
CDdI0s220nI2wFp,0
s5P7xQVwo3A89le,0
QPhdEgoxgBbYVgO,0
dz8rfFOqrFZk8ll,0
vVK4WaCj1Tn0mZT,0
Kjt1qTwUwEd4wSP,0
6D4K3w634bdCNOS,0
j3itsfenMcf0AKs,0
XNZjlliphV4VhHo,0
EgbOanPteB1itQ2,0
Vo5Jd6eOubEfZm0,0
58JLPFYmAzYpJxN,0
SRA5RX6AVII1Wub,0
xe5INtFzGp3b1yO,0
3Dyg00Xzyfp5cXe,0
1PuBR55yNwjXI51,0
pVYEAyfocQBvr4u,0
s7iiGLc4ypEygFS,0
YHlPGtzV95uFTdI,0
C4NjQ5qWMLlH736,0
z8asmgEDAcduBKM,0
j0rSFDk5uMgE8ae,0
fXFkg3DyhT4eIb7,0
8EhUCN25ZG3olcK,0
c5M1i0avAsemEtJ,0
06N6jKMmKQqj9bo,0
RfVKuNQi3UEAjBe,0
Xs8bOiQjAVOTdrX,0
sgI73flPdmVrMKa,0
r7VsOQSvLqkaCHT,0
3zGRQIPE3QKxt64,0
jhpTeAvunjEUKVf,0
GP1pQ9jy58M8ETB,0
rBfmrUkVsHaN7XY,0
2Cq1k3JDukKWxgb,0
NQeB35TLKzLSfEz,0
4dlLdUlzYv5tpa5,0
frHQ7iAPf0TTX7n,0
1E23YZZMUbm33BK,0
7AyhxcpKis6ocJJ,0
wtbso34VaqCT2Zb,0
g7MRC8ozUigHCa4,0
USraY4mFRBpUwAq,0
zL8FTKOgH8PrtqM,0
6l2d6dIEWt79vwo,0
Lt1Mgdss5RtypIp,0
ePkXyDmkB851lrP,0
XJ6sEyMV94vicBC,0
zD66H9F6vKKjE4r,0
Gt9HyuRggewsUKO,0
T9GTuTFDI99UnkS,0
7oQojJAPSZHxBU8,0
AXCBA541jFb5T4r,0
W9CfzY0KoIi5WDc,0
RaghXCE90qhXAiD,0
ISdQ54lI4Xrj3oc,0
OMfrIN2c6KU4ngK,0
b8Qh9w1Nk2r8RmS,0
UgPiSskQ3uth1nz,0
0zNtDyIdfuiuz5G,0
DVWx2U9yLdTb4OT,0
Z6Y3GtP4daO1Oxp,0
lE2v704MsIObqBu,0
LJ3isFTw0kSUnr4,0
18iTwDzhF7dzcDT,0
hNCiSkWdgDzb6yi,0
QPi2JKRadNOiS8n,0
M0KAh5azeLRncVS,0
xFfX9YWA4gE5rIh,0
VVr3QcHrhY57bB7,0
S0bpaRFE04VXWzW,0
yaajZsAYU8VFKzg,0
TrqtNJz46wD5R03,0
gPoTHXsnduDT0qP,0
MPeZLlqldDrayRY,0
xcWYaQBWE6XKDgC,0
ZD1F9jNv5yAElK3,0
t6NL4cAQsjnRAWQ,0
hU4QFP1R9pNSAQQ,0
1dFQjh0IwkzDq2E,0
cF9jgUCFysYeBBK,0
t0Pm080elVWgYyT,0
AFcB63pVW8xBE37,0
J3yQQss6E8KcVw3,0
lwACK4YmTCHaWZ3,0
VpOIz948Wq3lbmO,0
YQHAEtYaAj8dPcU,0
cwyy7W4PMdA4HEW,0
zaPyaZIzr2E9yeN,0
fZiWUdJnIAxQ2I7,0
T9Uw5gOlo7oxfQe,0
6mEvscjDOa0MreW,0
ioqnUJ6qa3zwOVx,0
nZOXy38siCb8FSK,0
XYR6bWWaVe08q3i,0
OjV9WDrg81oeSN9,0
TLFrkp8F7RZJmBj,0
RuWstnSglPCvJoh,0
Kz3KPVGjuc70BQp,0
aNL8nBRwvrQmFcf,0
goA8YLoHHmtpTzT,0
iDYA41ljCGRowAm,0
4LpzRMrk9vQTljL,0
BDN5hTQOYzAxpA2,0
jDHyXXt10L751VL,0
hrhTMqbD2fEusB4,0
uuWrGrzyuhryVDL,0
G0GtCw02orpAaAk,0
lg2elLXswpUu9KA,0
NaTCSBu3Jz2oUeb,0
9h7BnVysR2fbcvU,0
m1xfVTBgNh2Lqu4,0
dZjoKYjGHH4r4YE,0
yVZoLkRZVwt57Oz,0
SLT3vTb0KMXX13O,0
KTnk2l7BfKpx3Ja,0
kJKC5vTrAX3uUVj,0
KJmlQVn3aiNg8i5,0
2IAZnxEwFEdfeiK,0
IzrU8fC5IMyOgEE,0
KHiIhXnNMk4kpEA,0
FmVW9EIU32USkwF,0
zoDk2EbyWY9sCVi,0
i9xuhzmhakilPbE,0
aI2lv0WYJpwvf4w,0
hcm3KstO7Zl4agR,0
nCDfESWXGT0v9YH,0
b7xuwZSnx96PM18,0
cka8aIV2LGFbHz0,0
eRqcmc3yTofCn0L,0
T5IV0zdOL5EWcLm,0
TUGZD4mzadvwa2c,0
f6WyB95u0jQdhxm,0
foF8wCeb0QHCh9W,0
bTvtk7B7eJG370J,0
72LHIywba1yxkvV,0
7dlyFzIhovKLcl6,0
tceJFsqLRU5IFV6,0
k6xg7guVxtTQt6W,0
94tzilOmB6mAVJB,0
afUIKMKjnCbK7QK,0
dlKX8mDBFsgazcM,0
XGNN2ypsRIa3pBD,0
bwAIpaIj1a7nCAC,0
FmiPxBQTb8ETYNt,0
uDWkMyvX3znBPAV,0
11YWjD3GKX7fTET,0
IrNZrOHSgoStDfs,0
0v70OKb68xlpL9k,0
6uiqrE8N4hwPrW9,0
ajXtQbfKw74QLgG,0
fjuvMOBlwUKJIlT,0
bCe4lHULVAXrX6y,0
wL9lPh9KoZgQGFH,0
BqMucPvl5fDib36,0
GTfrRAHFdbxRQL1,0
RDy6knNYuS0b7at,0
lZiPqJkDKGz3PT6,0
tMAovFDGmc3M41i,0
FPOqk2iPEAAfxSi,0
xtwFjQPAdhG4vT2,0
neK1z1yTzfQENXd,0
3iZcLgnlElH8BT6,0
yLLg9dLUZMrBoS5,0
zxm75fDCZw2kG6I,0
0DwG37UZRHAji95,0
ZOWudjXcXAMmvSg,0
jS61RFsl1kL2rEJ,0
jdK8hpj8eqq0twb,0
QyuyLvMCgjqkzvX,0
5wKLVQcoG88cOf6,0
bkmPjbVe1ZGBa5x,0
mdcdKjBmIacBDGj,0
EZ5UedIT5xbJNvR,0
3fuF3IkA7jv79zv,0
gT5zNrMjg4XtSZ0,0
cbWJH7CqnBULNjM,0
KUO1wimLKcFW1EP,0
ZA4nDm3qtPw8Vl7,0
nxVmm8UXptdMli4,0
lBLhr4fKXiwp3Mh,0
vtgcVmOxj8yEFSP,0
V38MTOZRBD4f1aL,0
qOsA41BdaB8AgUl,0
ScjGihsEye8nbs1,0
etQjQwug5eC6Ut1,0
IBHxaYdcPUrI6l5,0
RWJMArmoAjNX696,0
FHIIjARyyQBZu7f,0
ZJUaQC8rgPZvjQF,0
M3Ot2d6hQyHYsxE,0
gWRGlUJIBBicKZM,0
Apue9Sf0kDtmP9v,0
HK5ZWDbNJwe1BUV,0
ODqjzxEoYdBbiUW,0
6Fwhb7RT707JJKO,0
sIWcCVs4jasyLvg,0
PmhKgsxTu61Z9Du,0
qnXy0MDWMotQIf2,0
cu2XDfMyoUPglfa,0
X5cqUAmZK5sD9PY,0
vsjBBALvD4QNCQu,0
e1TUFlpaWXWg0zY,0
xwbTgcvBV05rEwW,0
mQHX4iLnSp0BxsV,0
c8CkNqhxfghBaN3,0
zq98gEEUxlnkY8K,0
WuSTui7rQv1LqIY,0
Vnv4Z9ewLI31vhR,0
JcVJxNrvJnXMmfa,0
BI8tAxuchYs6OTu,0
bicEN1t1bgg4SGW,0
EtIyzl5SSrNhcyb,0
fp5ulnQIQg6WENW,0
fKBfRbwOCgezAFY,0
29apXre9koe6P1F,0
jIWDSgWFocTevVk,0
AuVOYRjrwnG366x,0
KyLQNxOpScL3Lpr,0
ihrvGRbsQ6XnJN9,0
sGYfoMaLZMf1Nox,0
LNzaQlm37HreNHs,0
MBbJgLpLaC1eu8U,0
vHDhTT94lzqgkEN,0
OcovSndupxG6nsg,0
tkBOa4Z717CNk8R,0
7NAfzRYy2rNcI1b,0
UCphABzy2b6S5mr,0
OZrZsZ62WtPCvFe,0
GDTgwdLEupQJi4I,0
PViJu878u68y7rK,0
SIBXEUN1MXFv5kG,0
BU2oJLdTVLDsBUj,0
nUQRFuuTziV4wZN,0
MmTtikRjgeMhMgj,0
EEryF1O9vy50fQp,0
0TInTyxq4BaWeSJ,0
SOmCcwRL8pstsFz,0
jAwKtuPcWohMuG8,0
LrgkxD0qBQdMsyL,0
2x7B0moEqNiGSE9,0
6ant0VcFjmog2CA,0
dtxmZSEJPY8WwA8,0
26zJCdeD54XNhvJ,0
Nxz1zZ0rnye5kpt,0
LXcSt1hMfypgZ9P,0
LAuLKn4wua2kzb0,0
yWFo1P9VPBkvIvY,0
febhEN5snkl9Q3x,0
HV0J2zx4xQiAkzr,0
71QhBGoU814NT6h,0
o6r3Grt6z3zUPCK,0
GPFmSgnxGhGMcg1,0
Sa2KgXRa6JSoimg,0
WEgfBj3RX6RFEb9,0
nw8gAf13Ki2x2Qf,0
Yp3yf69BKEdyU0c,0
8cETG0f8jRWVtvc,0
lqxSOPvG1WwO5jU,0
WtsIKvoJJE7QgCH,0
KZvlYhEyMDTQB9G,0
oO6190PwDcbAbCO,0
jBNOSyqVnPOxIiT,0
ty3Nmj1H0fGLAGC,0
pPKw8PujS5euhJZ,0
6f6bihELJMvj55Z,0
t8glpvEUkZNs52p,0
45Hq7uYe72XS98O,0
ZK4eupmCRkEobCG,0
NrFjzZjxNgSKpu8,0
CDaRRYuy7YQmPQA,0
UGqsTDYtRXXRnyK,0
Xz71TGZA0MLkhdu,0
Dvafv4XYs29jtbI,0
RlHsFN6UhzVnOJo,0
rBuDmx5L7oJITVS,0
YglonQZbxyihUkq,0
I8T0Ic4c3X4ZpfL,0
BnZTh69NEyHlsoe,0
eDpqflCDbOH6qqf,0
gYgy2nof87Icw2E,0
PCwqP8jNZLTSTTB,0
oAtcvwCYahX0WNO,0
Za9lUlmz1uyIh5E,0
1F8h8tkJiM1TE27,0
83ErRrI0CZMo0CH,0
12fST06o7FPdidu,0
o0pwGN0GjSEADUF,0
BoIwqOO0ulPzx8G,0
vST1G4gXyN6rhme,0
tNbYIOJvtQ8AmGI,0
tn3cnKfaSsn0MWM,0
gBYwSkDiltFyM1r,0
VM69dp9cuMExx5K,0
1KUdP8lAajvDJ0g,0
rMMlBI80b3XHv8Q,0
sySq8MN1yPz3L9H,0
YZzioz2qSXZiKFG,0
MBKOjRqKCjM1uQF,0
Ei5EPbPn7tpsT3q,0
7SolN7B9YieBp6Q,0
pxvUfH2I4oBOavk,0
XC16cPmZT2cghzs,0
xb1ThIe8fVlYEGi,0
I2bVaLRu00StOHD,0
gHjIR2DsnyNre7s,0
jHNaIpXkjzIlRf5,0
5bjg3uogM4745AO,0
RfPEXIhUyri10a8,0
cKwPTcHxMke0dHl,0
vX8z2Z2wVOjW8xR,0
9uEXsp69TuKA0YV,0
MZTNaBFGlCAJtjj,0
rt1W9alBM68Jkj5,0
U62OExoT1ndGjOC,0
CCUK0fHLMUaX9ot,0
Jra5i2Lba68Qt1L,0
TjBX7Je2AgOGj2N,0
hDRreP5NRFYCGxz,0
Mg2MrqsOyUIAZra,0
ERnJ7aIeB3qXcyq,0
hhriIuueAiKnIer,0
htYpQVsA0w8vUkr,0
8dPEP2C8roqcAOO,0
yW0VQgqpUiqcte6,0
1zSSbnHsXNHPfkc,0
3vx9W9aAtYgidMG,0
3R2LYcmLmK7pZD9,0
EQopeK3jOsTRepC,0
cEvPvNMpZNfsrir,0
toCpVHzcxzjYEwr,0
EnWzG3nbIVxgHEF,0
5eXLvg7BE1XCjDg,0
vBxLLLipe6EI4w6,0
el4AmFdq8Zko9MQ,0
N79TdnonJkqfG2g,0
lD9844eT2DvCjPl,0
CYPVIvFXqxnO6Ug,0
9frx0aWYmPkzyIN,0
EIqEltjPQnj3P2x,0
wdLhwuI2DgGzmZW,0
CxHbmb3lYK1nRku,0
cQqBjfHQQV8HQUu,0
acFsFK3GwbcMpUj,0
DB3lND5Zn3pOvbC,0
fPYOKLcjYFWoxsA,0
etrsKkeh8HXdGOJ,0
nkS2hINFNbSY7iI,0
Px1BE5MQ5ol9FzR,0
9nHVOT6YbQ9KQQD,0
oTCqInqJlvQfW5p,0
efmN0G1GpUXaIrg,0
umUDou6YFU3O2ex,0
f7PIUFQ3BVaVJcz,0
Gmvam992yqQoldy,0
txQj3Z9rRmGrAwo,0
THslw4VZbNHSsJG,0
wUBqktL4KwGDn22,0
7kOXiKFEFaQv9Te,0
SxQ0VRtt5Q1RsLE,0
BtAjznHhp2012S4,0
4Z3XhFqc3WJmabW,0
ahDs7C8Ym4W91sl,0
BIvG6U9cZoOlLQO,0
3wiJ946X0fUIfkS,0
cBG46NsSscMTwSE,0
HbihdIQ4VCVrfQJ,0
POjpodgzT6JzzaX,0
TAIf5L07K6LZ9Oe,0
nYj9jz4lqJerXZs,0
T62X0pBBy7QAsL7,0
GezRxPlQWSAI20V,0
4TbsILrNmbESfV6,0
f8eqK1oB9c37it3,0
f10H5gz2o4FiTJ9,0
ocawHslPg9Zwi3a,0
XbWP3LbuMqssyei,0
qJL12F7De5G0X0E,0
1hHbjpO7BCBARCl,0
DKPg4Q1Vs296S8c,0
4Kj8vBgnENhn3oD,0
LX4pZg12PHyco9H,0
QO8BO4A2sSJuofE,0
WrLy7wfhElQ5ZDo,0
87lfiON6LNeOMbz,0
BJ90i3BOdfsCtae,0
1PzRdNXFm5TJ168,0
2UI3ZTtsAYt0SS0,0
OXHkzHONO9kopNV,0
2lY1gsjhtn49UWH,0
JB577SRnCuikqVq,0
qUp2lzLd5R05jUb,0
zgLocdeYlKRq1jW,0
CV6lKLasILKJx9T,0
KRituDdoUlk9zs6,0
mQEB6hZrq8mFAvf,0
QPTsihZcTswwraY,0
mZ6fUbQZGq1bBX9,0
cn82woWM0yfuNI3,0
iQyfIKdYSyRrszP,0
QLMhrrDlcyjWhsw,0
Cuc6x5l4vv25yYx,0
rZSgXwof5XPfnQ3,0
5lls66C8WwYxC6U,0
M0zgwMfsXbQ4xYo,0
rYUyufvudwal6uX,0
IR0YWuFmTHnFe2Z,0
xm3c8cdJBTRTyFQ,0
9i3UlROPSMVZkeV,0
NZ21zrqadFESnDo,0
Y4Xys8elUECwxAt,0
nh3R7Wj0RAYIYWo,0
ELcbeBheaiXsdZS,0
9yBRbkAvsqduDg0,0
he1WTkgILLGc2dC,0
S76TVnpTIsDizHI,0
PYxHZgTkQGGT0fX,0
xNaNhX4JXK46cGV,0
ZhqljwtIR0uI3v5,0
xwcKFtwwhG4MPAv,0
KjKMixj99gS503d,0
ERl0NV0n2lHFj31,0
Yp4iX2WKICMm3e8,0
VIHQxDo2zPtBUXR,0
vkfPxtsZyKKqU0d,0
hUuMvifmTBJYLaj,0
7YUTJEINRDcc4F1,0
YFk5VoBhIcjgnIp,0
ByNZv0TO13BqDgu,0
ZXDPQDXQq2ENEAe,0
0UBXho4OGVnr3QI,0
LVQoI4eAeeX8KDq,0
EXu6QvESj4EuBFq,0
dQu2WPu7LXmtTtJ,0
pcfONfTqZaJcTzE,0
EylDmufrujlK0uf,0
C0rKOEnKblUyp7B,0
Ri0sGLcCTq0pJep,0
png2HNa39vxjTNs,0
Wyovy3Mo5wR1KxP,0
NbR20rUu4YS14TL,0
tchPqQMWvor3RsK,0
m8v1QjV7xwBmNRK,0
Yjxp9Ql0XoOzcyB,0
s2pS1xZhPE54Jju,0
LnQvrV9b5rhUROn,0
lMSjmpq7Gn5MTpH,0
jvDWDjohd4VHXU9,0
Q8la2FogOG7g1Af,0
2XzbFvKpQQzdd6y,0
ogLqn1lzu0BIumB,0
K1v8fp8BQmpORNM,0
Qu9GLbOGdUexY4E,0
hpg2svMIsxpXaKF,0
CR7e2lWoO3itALD,0
J0xaewAkU2DtTJZ,0
rzUQlBcSzjMvNNC,0
Vf5EgIi8YDDREW7,0
eodhtivzrMJURee,0
bF7AU9XOLaKm7nN,0
mLIDWEafEfjttFr,0
1KDqm7NebTViOsD,0
FyhlxIo1lEAtJM0,0
Tq9WIAZbPY6C6Cd,0
3n9kGh9PRmCXXz3,0
pUo8XUFxueOlvki,0
96nJc0C3HGIWDaN,0
ofde230oXCWW257,0
mh0tzB4WINxuGrM,0
GH7Qxgk0X46nxg7,0
09SuUOrdAqm25X5,0
9pY6YiN8ajYP9VN,0
ZGaQzN4U6WJ9YdO,0
JA9rZJRdnZFi8x8,0
4fQUrj9Bfol3eIM,0
A2uObdaRMNOCSJC,0
xcGqxySpyN2NiRx,0
cu3rz5Qmf6Lib03,0
owGrzl9nt1tb7jQ,0
jjDLqbih3kdw7kZ,0
NBgLdhmiF5FJAD7,0
N6JwTjE5Ni1LDED,0
eAMisT2A79KZl44,0
Fb696Oe1pEChH6n,0
cz99bQCDDPkz6l2,0
VkgDHScJg0bd6Lu,0
ZKslYzw180bEgKF,0
fhXAPp2rrlwTEIK,0
gqYuc7mXE2uVPbP,0
Net0S4onkYtAqqs,0
kKxED3ioCx2fBvi,0
jCx1ozdSaAN5Ucp,0
PN2s9ZR0Nu4Y4Sn,0
Ow8XqbDCXDE9RA0,0
8vxU3YScxR56Xm8,0
1OHRnMJnnoHcuw5,0
I7ESUelaAXCP7Gm,0
OrxJoVMwHwv1TJv,0
g8KHfizaLbLTeyF,0
u9TRhjJH5Y8d287,0
bcwJXgJcfnM0xpD,0
T6EAomKrN6Weonw,0
kxn9uFOhNXr9ZsR,0
wBkPHebQJC2M7Nc,0
p3KqsE0hMPZdEEn,0
6qbOJh51Mk4cJjL,0
j8LvmXNnLZ7Htjd,0
WgAxlIIp0sQh8V1,0
zfJmETHeB3sRaxk,0
HwvLq2ZqU16y4Y0,0
nHLvXPhSXjtfxBE,0
Vu6iaX5LPiXewyd,0
WyZxnzgg79xTXq5,0
Mm8LvBDjmBE3lRl,0
MmEeskc3XNqYOTy,0
qLWTCxMTIx0BvLz,0
Jdv0UZwR1muSjes,0
QshSze5oMRWUzEn,0
fen5eved2wH0N7g,0
YBcmLYUkPABJ5oj,0
rFjIgIhut0Bl04X,0
svjkIsDTe2EskiV,0
Ctn2iGhsrebatgi,0
O2AVUq2SoPw30eR,0
1ceLy01sg5RuVCu,0
Yy25xhi7LkSdKdj,0
HMg1llHZ6Z0ldyp,0
riEOAbMtoftpXt7,0
if4OPJ6vRZrpRvP,0
e1uUB5aW4Monizb,0
D1QGTxAOk9GApNg,0
uKnGNpoOLttU8b5,0
b80u87cFUIaHi5O,0
Y3tmM6tE7zh6UhF,0
y1d555hqbmVZr3Q,0
mpBx0T8fPVMjvbC,0
mQe9OA1YYSdq8ef,0
BzBUI16TVuyLudT,0
tst8Otfe5xqENIl,0
dZqyfyEZixPfJtm,0
NOZOZ6Oaf6F53jx,0
gIcWuHKQaJzlx5o,0
hASj2ZSbNBT2Bu7,0
6z28PVqxWXs3KZu,0
sUXymhjV2T8klfl,0
smF38YFvTHo5MWw,0
h3BbxjjAfe4UntT,0
hLZdyjflRe4m6cA,0
fiWLq2N7LDJL8uk,0
iTYZ0VDnpeajZfk,0
8XbRHgDskcEinm1,0
KgLWCh2Gmu5ld40,0
b55lRo8Fvu1ZL4J,0
9abC2I5T3pGVrhi,0
53BkgahCOXHKrOi,0
LBG90s6hI78a68E,0
vonJCPGotQDpqUM,0
w5QPM6sIOOdgQVF,0
nYKw9qWvZtmHPAR,0
bgKyEhGbb0DBYDx,0
BL5cfl7DSO7fwLA,0
QTJJiEWYy0s3Xop,0
BUy8KYwgrV2862I,0
cVTivUqC1wRw6m9,0
CCw7r3nGUbzWW3s,0
oqI1SsDXSIMOb6t,0
FXbaRtHv6EffFap,0
6ESs83A1yOIWBIf,0
l8xyTBHHS2GuKmd,0
OIEQWsLAlvgfMDH,0
P5W1aze7zAG60DB,0
i4IFAbcNVG0wliz,0
Uee6MG69V7puBbK,0
RjUs6ESsDIoTn4b,0
Ye4WiZKfYIc3BeJ,0
nKGyDhZUHkiGuae,0
8lQGHu9CqQI7xmc,0
GISaDKb5aqBLbzv,0
EHJE5fHhRqZiTmg,0
Ku9RcAN34EtJeOu,0
Cz3PbkjG9Mb1u6p,0
PTRdP0UiR8TT36Z,0
KaqkhlRNydt53Ji,0
d5gxsdkNoQ6Jvhx,0
6f795hyV2BFooLI,0
UKEYbGLrXBUbbMt,0
7OCGLHacToRw7gq,0
S5SJoqiY91o8VQH,0
dKw135ddn678lO6,0
5xNSGvbwPVKRGdF,0
O4fDR81bVHEVVYO,0
qmuT7vl6bIILzYb,0
6Vi79OgPwMFI9Kw,0
NeZavHnu4yz460D,0
qJVRighu8Snvjjy,0
ikznDuPg6UPatNf,0
AeF4BptIHaT3tKp,0
fLl4nA6sw2s2ARU,0
SZotRoZeBA09sox,0
8OoMsCRlk25F7Ll,0
XR0gzdweYG8c97e,0
O5pfmZNIAHCeVcA,0
uD7htgFPkW4Mzrk,0
QdvvzL92g2ZAmjC,0
9mcmykV9DdtXu6A,0
9PKOooL0KZiZ3CE,0
vO0dYOIVeaaAs0r,0
8x5W5CEUxyP43xs,0
fdEX6ATJs28fO5E,0
5D1BTCIxrMxpSmJ,0
w6BgLgcn5QUMjED,0
lVVIZ8gbfn9WgTz,0
Q8JJ6hZJPrsAs0i,0
6MifPBNFvyCMBwr,0
D1JNMXaDIkMpTr2,0
st4O6Y8Frl1yZ30,0
tDEVIaC8IG6jjcP,0
J1twUytTSvdEAJa,0
J8BdjsDxViTQMCw,0
